{
  "menu": [
    {
      "name": "home",
      "icon": "home.svg",
      "link": "/home",
      "show": true
    },
    {
      "name": "title_bookings",
      "icon": "calendar-outline.svg",
      "link": "/account/my-bookings",
      "show": true
    },
    {
      "name": "match",
      "icon": "events.svg",
      "link": "/matches",
      "show": true
    },
    {
      "name": "book",
      "icon": "add-circle-outline.svg",
      "link": "/select-booking",
      "show": true
    },
    {
      "name": "friend",
      "icon": "users.svg",
      "link": "/account/my-friends",
      "show": true
    },
    {
      "name": "shop",
      "icon": "shop.svg",
      "link": "/shop",
      "show": true
    },
    {
      "name": "account",
      "icon": "account.svg",
      "link": "/account/me",
      "show": true
    },
    {
      "name": "receipt",
      "icon": "envelop.svg",
      "link": "/receipt",
      "show": true
    }
  ]
}
